{
  "auc_roc": 0.9641673684210526,
  "best_threshold": -0.10451790177419314,
  "weights": {
    "iso": 0.6,
    "lof": 0.4
  }
}